,exp_stage,history,rating,rt,stim_file,stim_index,subjid,stim_repetition,labeled_price,community
0,initial_rating,"[(None, 0.0), (5.8, 6.165), (6.2, 14.011), (6.5, 15.905), (6.5, 16.727)]",6.5,16.727,,,test,,,
1,price_rating,"[(None, 0.0), (5.2, 42.151), (5.3, 42.525), (5.4, 42.593), (5.5, 42.661), (5.6, 42.728), (5.7, 42.762), (5.8, 42.78), (5.9, 42.797), (6.0, 42.815), (6.1, 42.831), (6.2, 42.848), (6.3, 42.88), (6.4, 42.897), (6.5, 42.914), (6.6, 42.931), (6.7, 42.964), (6.8, 42.982), (6.9, 42.999), (7.0, 43.034), (7.1, 43.051), (7.2, 43.068), (7.3, 43.101), (7.4, 43.135), (7.5, 43.168), (7.6, 43.202), (7.7, 43.235), (7.8, 43.252), (7.9, 43.268), (8.0, 43.302), (8.1, 43.319), (8.2, 43.336), (8.3, 43.371), (8.4, 43.388), (8.5, 43.404), (8.6, 43.453), (8.7, 43.505), (8.8, 43.539), (8.9, 43.555), (9.0, 43.589), (9.7, 44.971), (8.9, 45.494), (6.4, 45.883), (4.8, 46.371), (3.9, 46.762), (2.4, 47.695), (2.1, 48.284), (10.0, 49.332), (9.6, 50.109), (9.1, 50.597), (8.1, 51.224), (7.1, 51.913), (5.5, 52.592), (4.3, 53.132), (3.3, 53.591), (2.2, 54.049), (5.5, 54.726), (7.9, 55.335), (9.5, 56.078), (8.3, 56.805), (6.2, 57.332), (5.1, 57.756), (7.2, 58.617), (7.2, 59.174)]",7.2,59.175,images/14.png,12.0,test,1.0,,2.0
2,price_rating,"[(None, 0.0), (7.0, 4.82), (7.0, 6.627)]",7.0,6.627,images/12.png,1.0,test,1.0,7.0,0.0
3,price_rating,"[(None, 0.0), (8.3, 2.254), (8.3, 3.082)]",8.3,3.082,images/8.png,0.0,test,1.0,8.3,0.0
4,price_rating,"[(None, 0.0), (4.4, 6.818), (4.4, 7.584)]",4.4,7.584,images/2.png,3.0,test,1.0,,0.0
5,price_rating,"[(None, 0.0), (5.8, 2.487), (3.5, 4.653), (3.5, 5.305)]",3.5,5.305,images/3.png,10.0,test,1.0,3.5,2.0
6,price_rating,"[(None, 0.0), (5.1, 1.46), (5.1, 2.033)]",5.1,2.033,images/9.png,2.0,test,1.0,,0.0
7,price_rating,"[(None, 0.0), (6.0, 3.604), (4.1, 4.737), (4.8, 5.586), (4.8, 6.192)]",4.8,6.192,images/4.png,7.0,test,1.0,,1.0
8,price_rating,"[(None, 0.0), (7.4, 1.464), (6.0, 2.726), (6.0, 3.623)]",6.0,3.623,images/15.png,4.0,test,1.0,,0.0
9,price_rating,"[(None, 0.0), (5.8, 1.058), (5.1, 1.617), (5.1, 2.341)]",5.1,2.341,images/1.png,5.0,test,1.0,,1.0
10,price_rating,"[(None, 0.0), (6.5, 18.24), (6.5, 18.801)]",6.5,18.801,images/11.png,9.0,test,1.0,,1.0
11,price_rating,"[(None, 0.0), (7.1, 0.756), (7.1, 1.333)]",7.1,1.333,images/10.png,6.0,test,1.0,,1.0
12,price_rating,"[(None, 0.0), (7.1, 0.571), (7.1, 1.08)]",7.1,1.08,images/5.png,14.0,test,1.0,,2.0
13,price_rating,"[(None, 0.0), (5.8, 0.637), (5.8, 1.298)]",5.8,1.298,images/13.png,13.0,test,1.0,,2.0
14,price_rating,"[(None, 0.0), (4.2, 1.685), (4.2, 3.223)]",4.2,3.223,images/7.png,11.0,test,1.0,4.2,2.0
15,price_rating,"[(None, 0.0), (6.4, 1.109), (6.4, 1.652)]",6.4,1.652,images/6.png,8.0,test,1.0,,1.0
16,price_rating,"[(None, 0.0), (7.1, 1.355), (7.1, 1.902)]",7.1,1.902,images/12.png,1.0,test,2.0,7.0,0.0
17,price_rating,"[(None, 0.0), (7.0, 0.69), (7.0, 1.237)]",7.0,1.237,images/15.png,4.0,test,2.0,,0.0
18,price_rating,"[(None, 0.0), (8.4, 1.8), (8.4, 2.642)]",8.4,2.642,images/1.png,5.0,test,2.0,,1.0
19,price_rating,"[(None, 0.0), (3.5, 0.872), (3.5, 1.33)]",3.5,1.33,images/13.png,13.0,test,2.0,,2.0
20,price_rating,"[(None, 0.0), (4.7, 1.347), (4.7, 2.575)]",4.7,2.575,images/2.png,3.0,test,2.0,,0.0
21,price_rating,"[(None, 0.0), (4.5, 1.247), (4.5, 1.823)]",4.5,1.823,images/9.png,2.0,test,2.0,,0.0
22,price_rating,"[(None, 0.0), (6.7, 0.583), (6.7, 1.043)]",6.7,1.043,images/14.png,12.0,test,2.0,,2.0
23,price_rating,"[(None, 0.0), (8.3, 1.237), (8.3, 1.751)]",8.3,1.751,images/11.png,9.0,test,2.0,,1.0
24,price_rating,"[(None, 0.0), (3.6, 1.27), (3.6, 1.965)]",3.6,1.965,images/3.png,10.0,test,2.0,3.5,2.0
25,price_rating,"[(None, 0.0), (5.6, 3.361), (5.6, 3.923)]",5.6,3.923,images/6.png,8.0,test,2.0,,1.0
26,price_rating,"[(None, 0.0), (7.1, 1.521), (7.1, 2.061)]",7.1,2.061,images/5.png,14.0,test,2.0,,2.0
27,price_rating,"[(None, 0.0), (6.5, 0.825), (6.5, 1.418)]",6.5,1.419,images/4.png,7.0,test,2.0,,1.0
28,price_rating,"[(None, 0.0), (5.0, 0.676), (4.1, 1.643), (4.1, 2.756)]",4.1,2.756,images/7.png,11.0,test,2.0,4.2,2.0
29,price_rating,"[(None, 0.0), (7.4, 5.42), (7.4, 5.961)]",7.4,5.961,images/10.png,6.0,test,2.0,,1.0
30,price_rating,"[(None, 0.0), (8.4, 1.55), (8.4, 2.27)]",8.4,2.271,images/8.png,0.0,test,2.0,8.3,0.0
31,price_rating,"[(None, 0.0), (7.0, 1.554), (7.0, 2.116)]",7.0,2.116,images/12.png,1.0,test,3.0,7.0,0.0
32,price_rating,"[(None, 0.0), (4.2, 1.248), (4.2, 1.897)]",4.2,1.897,images/7.png,11.0,test,3.0,4.2,2.0
33,price_rating,"[(None, 0.0), (7.3, 3.512), (7.3, 4.628)]",7.3,4.628,images/14.png,12.0,test,3.0,,2.0
34,price_rating,"[(None, 0.0), (6.0, 0.797), (6.0, 1.168)]",6.0,1.168,images/4.png,7.0,test,3.0,,1.0
35,price_rating,"[(None, 0.0), (7.7, 6.457), (7.7, 6.97)]",7.7,6.97,images/11.png,9.0,test,3.0,,1.0
36,price_rating,"[(None, 0.0), (6.8, 0.567), (6.8, 0.91)]",6.8,0.91,images/5.png,14.0,test,3.0,,2.0
37,price_rating,"[(None, 0.0), (6.1, 0.403), (6.1, 0.776)]",6.1,0.776,images/13.png,13.0,test,3.0,,2.0
38,price_rating,"[(None, 0.0), (6.0, 0.373), (6.0, 0.729)]",6.0,0.729,images/6.png,8.0,test,3.0,,1.0
39,price_rating,"[(None, 0.0), (6.4, 0.318), (6.4, 0.611)]",6.4,0.611,images/15.png,4.0,test,3.0,,0.0
40,price_rating,"[(None, 0.0), (6.7, 0.278), (6.7, 0.6)]",6.7,0.6,images/10.png,6.0,test,3.0,,1.0
41,price_rating,"[(None, 0.0), (5.0, 0.369), (5.5, 0.798), (5.6, 0.815), (5.7, 0.933), (5.8, 0.95), (6.0, 0.967), (6.3, 0.985), (6.8, 1.001), (7.1, 1.018), (7.3, 1.035), (7.4, 1.052), (7.5, 1.069), (7.6, 1.086), (7.7, 1.103), (7.8, 1.12), (7.9, 1.138), (8.1, 1.154), (8.2, 1.17), (8.3, 1.188), (8.4, 1.204), (8.5, 1.223), (8.4, 1.474), (8.2, 1.491), (7.9, 1.508), (7.6, 1.525), (7.4, 1.541), (7.3, 1.575), (7.2, 1.592), (7.1, 1.608), (7.0, 1.626), (6.9, 1.642), (6.8, 1.676), (6.7, 1.71), (6.6, 1.726), (6.5, 1.743), (6.4, 1.776), (6.3, 1.793), (6.2, 1.826), (6.1, 1.843), (6.0, 1.861), (5.9, 1.878), (5.7, 1.895), (5.6, 1.911), (5.4, 1.928), (5.1, 1.945), (4.9, 1.962), (4.6, 1.98), (4.5, 1.996), (4.4, 2.013), (4.3, 2.081), (4.2, 2.115), (4.1, 2.149), (4.0, 2.183), (3.9, 2.201), (3.8, 2.334), (3.7, 2.639), (3.6, 2.656), (3.3, 2.672), (3.1, 2.689), (3.0, 2.706), (2.9, 2.723), (2.8, 2.74), (2.7, 2.756), (2.6, 2.773), (2.5, 2.79), (2.4, 2.808), (2.3, 2.908), (2.2, 2.993), (2.1, 3.028), (2.3, 3.129), (2.6, 3.146), (3.1, 3.163), (3.8, 3.18), (5.1, 3.198), (5.9, 3.214), (6.5, 3.231), (7.0, 3.248), (7.5, 3.265), (7.8, 3.283), (7.9, 3.299), (8.0, 3.317), (8.2, 3.333), (8.4, 3.35), (8.5, 3.367), (8.6, 3.434), (8.7, 3.451), (8.8, 3.485), (8.9, 3.521), (9.1, 3.537), (9.5, 3.554), (9.6, 3.571), (9.7, 3.588), (9.7, 4.092)]",9.7,4.092,images/1.png,5.0,test,3.0,,1.0
42,price_rating,"[(None, 0.0), (7.0, 0.743), (7.0, 1.726)]",7.0,1.726,images/8.png,0.0,test,3.0,8.3,0.0
43,price_rating,"[(None, 0.0), (5.9, 0.382), (5.9, 0.79)]",5.9,0.79,images/3.png,10.0,test,3.0,3.5,2.0
44,price_rating,"[(None, 0.0), (8.6, 0.438), (8.6, 0.946)]",8.6,0.946,images/9.png,2.0,test,3.0,,0.0
45,price_rating,"[(None, 0.0), (7.2, 0.44), (7.2, 0.779)]",7.2,0.779,images/2.png,3.0,test,3.0,,0.0
46,price_rating,"[(None, 0.0), (4.9, 0.469), (4.9, 0.979)]",4.9,0.979,images/2.png,3.0,test,4.0,,0.0
47,price_rating,"[(None, 0.0), (8.2, 0.556), (8.2, 1.051)]",8.2,1.051,images/8.png,0.0,test,4.0,8.3,0.0
48,price_rating,"[(None, 0.0), (6.4, 0.473), (6.4, 0.862)]",6.4,0.862,images/1.png,5.0,test,4.0,,1.0
49,price_rating,"[(None, 0.0), (3.3, 0.504), (3.3, 0.981)]",3.3,0.981,images/12.png,1.0,test,4.0,7.0,0.0
50,price_rating,"[(None, 0.0), (9.3, 0.602), (9.3, 1.112)]",9.3,1.112,images/5.png,14.0,test,4.0,,2.0
51,price_rating,"[(None, 0.0), (7.4, 0.457), (7.4, 0.935)]",7.4,0.935,images/3.png,10.0,test,4.0,3.5,2.0
52,price_rating,"[(None, 0.0), (6.6, 0.338), (6.6, 0.798)]",6.6,0.798,images/15.png,4.0,test,4.0,,0.0
53,price_rating,"[(None, 0.0), (7.1, 0.454), (7.1, 0.949)]",7.1,0.949,images/7.png,11.0,test,4.0,4.2,2.0
54,price_rating,"[(None, 0.0), (7.2, 0.489), (7.2, 1.019)]",7.2,1.019,images/6.png,8.0,test,4.0,,1.0
55,price_rating,"[(None, 0.0), (5.9, 0.452), (5.9, 0.894)]",5.9,0.894,images/14.png,12.0,test,4.0,,2.0
56,price_rating,"[(None, 0.0), (6.8, 0.521), (6.8, 0.911)]",6.8,0.911,images/10.png,6.0,test,4.0,,1.0
57,price_rating,"[(None, 0.0), (5.1, 0.439), (5.1, 0.931)]",5.1,0.931,images/11.png,9.0,test,4.0,,1.0
58,price_rating,"[(None, 0.0), (7.9, 0.509), (7.9, 0.9)]",7.9,0.9,images/4.png,7.0,test,4.0,,1.0
59,price_rating,"[(None, 0.0), (7.3, 0.588), (7.3, 0.977)]",7.3,0.977,images/9.png,2.0,test,4.0,,0.0
60,price_rating,"[(None, 0.0), (7.1, 0.424), (7.1, 0.866)]",7.1,0.866,images/13.png,13.0,test,4.0,,2.0
61,price_rating,"[(None, 0.0), (6.2, 0.456), (6.2, 0.897)]",6.2,0.897,images/12.png,1.0,test,5.0,7.0,0.0
62,price_rating,"[(None, 0.0), (6.8, 0.538), (6.8, 0.993)]",6.8,0.993,images/8.png,0.0,test,5.0,8.3,0.0
63,price_rating,"[(None, 0.0), (5.5, 0.576), (5.5, 1.07)]",5.5,1.07,images/3.png,10.0,test,5.0,3.5,2.0
64,price_rating,"[(None, 0.0), (8.5, 0.504), (8.5, 0.981)]",8.5,0.981,images/5.png,14.0,test,5.0,,2.0
65,price_rating,"[(None, 0.0), (7.9, 0.556), (7.9, 1.035)]",7.9,1.035,images/9.png,2.0,test,5.0,,0.0
66,price_rating,"[(None, 0.0), (7.4, 0.569), (7.4, 1.079)]",7.4,1.079,images/15.png,4.0,test,5.0,,0.0
67,price_rating,"[(None, 0.0), (6.2, 5.232), (6.2, 5.93)]",6.2,5.93,images/4.png,7.0,test,5.0,,1.0
68,price_rating,"[(None, 0.0), (9.5, 2.578), (9.5, 3.12)]",9.5,3.12,images/14.png,12.0,test,5.0,,2.0
69,price_rating,"[(None, 0.0), (6.8, 0.653), (4.2, 2.09), (4.2, 2.802)]",4.2,2.802,images/7.png,11.0,test,5.0,4.2,2.0
70,price_rating,"[(None, 0.0), (6.9, 0.673), (6.9, 1.91)]",6.9,1.91,images/13.png,13.0,test,5.0,,2.0
71,price_rating,"[(None, 0.0), (6.0, 0.386), (6.0, 0.758)]",6.0,0.758,images/2.png,3.0,test,5.0,,0.0
72,price_rating,"[(None, 0.0), (6.5, 0.384), (6.5, 0.728)]",6.5,0.728,images/6.png,8.0,test,5.0,,1.0
73,price_rating,"[(None, 0.0), (6.6, 0.317), (6.6, 0.673)]",6.6,0.673,images/11.png,9.0,test,5.0,,1.0
74,price_rating,"[(None, 0.0), (6.6, 0.487), (6.0, 1.642), (6.0, 2.133)]",6.0,2.133,images/1.png,5.0,test,5.0,,1.0
75,price_rating,"[(None, 0.0), (6.2, 0.486), (6.2, 0.841)]",6.2,0.841,images/10.png,6.0,test,5.0,,1.0
76,price_rating,"[(None, 0.0), (6.5, 0.468), (6.6, 0.555), (6.6, 0.911)]",6.6,0.911,images/13.png,13.0,test,6.0,,2.0
77,price_rating,"[(None, 0.0), (7.1, 0.382), (7.1, 0.773)]",7.1,0.773,images/3.png,10.0,test,6.0,3.5,2.0
78,price_rating,"[(None, 0.0), (6.5, 0.472), (6.5, 0.829)]",6.5,0.829,images/2.png,3.0,test,6.0,,0.0
79,price_rating,"[(None, 0.0), (7.8, 0.553), (7.8, 1.099)]",7.8,1.099,images/1.png,5.0,test,6.0,,1.0
80,price_rating,"[(None, 0.0), (7.4, 0.421), (7.4, 0.913)]",7.4,0.913,images/4.png,7.0,test,6.0,,1.0
81,price_rating,"[(None, 0.0), (6.1, 0.438), (6.1, 0.796)]",6.1,0.797,images/8.png,0.0,test,6.0,8.3,0.0
82,price_rating,"[(None, 0.0), (6.3, 0.353), (6.3, 0.677)]",6.3,0.677,images/12.png,1.0,test,6.0,7.0,0.0
83,price_rating,"[(None, 0.0), (7.5, 0.386), (7.5, 0.814)]",7.5,0.814,images/11.png,9.0,test,6.0,,1.0
84,price_rating,"[(None, 0.0), (5.0, 0.498), (5.0, 1.024)]",5.0,1.024,images/9.png,2.0,test,6.0,,0.0
85,price_rating,"[(None, 0.0), (6.8, 0.857), (6.8, 1.387)]",6.8,1.387,images/15.png,4.0,test,6.0,,0.0
86,price_rating,"[(None, 0.0), (8.5, 0.519), (8.5, 1.117)]",8.5,1.117,images/10.png,6.0,test,6.0,,1.0
87,price_rating,"[(None, 0.0), (6.9, 0.448), (6.9, 0.858)]",6.9,0.858,images/6.png,8.0,test,6.0,,1.0
88,price_rating,"[(None, 0.0), (4.8, 0.636), (4.8, 1.115)]",4.8,1.115,images/5.png,14.0,test,6.0,,2.0
89,price_rating,"[(None, 0.0), (3.9, 0.94), (3.9, 1.536)]",3.9,1.536,images/14.png,12.0,test,6.0,,2.0
90,price_rating,"[(None, 0.0), (6.5, 0.547), (6.5, 1.006)]",6.5,1.007,images/7.png,11.0,test,6.0,4.2,2.0
91,price_rating,"[(None, 0.0), (6.5, 0.756), (6.5, 1.166)]",6.5,1.166,images/7.png,11.0,test,7.0,4.2,2.0
92,price_rating,"[(None, 0.0), (4.1, 0.602), (4.1, 1.164)]",4.1,1.164,images/6.png,8.0,test,7.0,,1.0
93,price_rating,"[(None, 0.0), (8.3, 1.566), (8.3, 2.058)]",8.3,2.058,images/15.png,4.0,test,7.0,,0.0
94,price_rating,"[(None, 0.0), (6.8, 0.541), (6.8, 0.935)]",6.8,0.935,images/13.png,13.0,test,7.0,,2.0
95,price_rating,"[(None, 0.0), (7.6, 0.486), (7.6, 0.895)]",7.6,0.895,images/3.png,10.0,test,7.0,3.5,2.0
96,price_rating,"[(None, 0.0), (7.4, 44.054), (7.4, 44.58)]",7.4,44.58,images/4.png,7.0,test,7.0,,1.0
97,price_rating,"[(None, 0.0), (6.2, 0.587), (6.2, 1.046)]",6.2,1.046,images/12.png,1.0,test,7.0,7.0,0.0
98,price_rating,"[(None, 0.0), (8.2, 2.121), (8.2, 3.106)]",8.2,3.106,images/8.png,0.0,test,7.0,8.3,0.0
99,price_rating,"[(None, 0.0), (3.6, 1.531), (4.5, 2.412), (4.5, 3.323)]",4.5,3.323,images/9.png,2.0,test,7.0,,0.0
100,price_rating,"[(None, 0.0), (5.8, 0.349), (5.8, 0.876)]",5.8,0.876,images/14.png,12.0,test,7.0,,2.0
101,price_rating,"[(None, 0.0), (6.8, 0.62), (5.9, 1.469), (5.9, 2.007)]",5.9,2.007,images/2.png,3.0,test,7.0,,0.0
102,price_rating,"[(None, 0.0), (6.3, 0.492), (4.6, 2.758), (5.6, 3.486), (5.6, 3.858)]",5.6,3.858,images/11.png,9.0,test,7.0,,1.0
103,price_rating,"[(None, 0.0), (3.5, 2.971), (6.0, 4.01), (6.0, 4.497)]",6.0,4.497,images/10.png,6.0,test,7.0,,1.0
104,price_rating,"[(None, 0.0), (4.4, 1.127), (4.4, 1.853)]",4.4,1.853,images/1.png,5.0,test,7.0,,1.0
105,price_rating,"[(None, 0.0), (6.5, 0.62), (6.5, 1.113)]",6.5,1.113,images/5.png,14.0,test,7.0,,2.0
106,price_rating,"[(None, 0.0), (6.0, 0.603), (6.0, 1.126)]",6.0,1.126,images/11.png,9.0,test,8.0,,1.0
107,price_rating,"[(None, 0.0), (6.5, 0.456), (6.6, 0.561), (6.9, 1.117), (7.0, 1.574), (7.0, 2.404)]",7.0,2.404,images/12.png,1.0,test,8.0,7.0,0.0
108,price_rating,"[(None, 0.0), (3.5, 1.248), (3.5, 1.741)]",3.5,1.741,images/3.png,10.0,test,8.0,3.5,2.0
109,price_rating,"[(None, 0.0), (8.2, 1.622), (8.2, 2.099)]",8.2,2.099,images/8.png,0.0,test,8.0,8.3,0.0
110,price_rating,"[(None, 0.0), (5.8, 1.269), (5.8, 1.677)]",5.8,1.677,images/1.png,5.0,test,8.0,,1.0
111,price_rating,"[(None, 0.0), (5.3, 1.315), (5.3, 1.743)]",5.3,1.743,images/15.png,4.0,test,8.0,,0.0
112,price_rating,"[(None, 0.0), (6.5, 0.605), (6.5, 0.947)]",6.5,0.947,images/9.png,2.0,test,8.0,,0.0
113,price_rating,"[(None, 0.0), (7.9, 0.364), (9.0, 0.67), (8.9, 0.772), (8.9, 1.075)]",8.9,1.075,images/14.png,12.0,test,8.0,,2.0
114,price_rating,"[(None, 0.0), (8.9, 0.45), (9.0, 0.537), (9.1, 0.553), (9.2, 0.587), (9.3, 0.604), (9.6, 0.823), (9.5, 1.026), (9.4, 1.043), (9.2, 1.06), (8.6, 1.078), (8.1, 1.094), (7.6, 1.112), (6.8, 1.128), (6.5, 1.146), (6.2, 1.164), (6.1, 1.18), (6.0, 1.214), (5.7, 1.231), (5.5, 1.249), (5.2, 1.267), (4.7, 1.283), (4.3, 1.299), (3.8, 1.316), (3.3, 1.333), (2.8, 1.35), (2.5, 1.368), (2.2, 1.384), (2.0, 1.401), (2.6, 1.958), (2.9, 1.975), (3.4, 1.992), (4.0, 2.009), (4.8, 2.026), (5.9, 2.042), (6.7, 2.059), (7.5, 2.076), (8.2, 2.094), (9.1, 2.11), (9.5, 2.127), (9.9, 2.144), (10.0, 2.163), (10.0, 2.968)]",10.0,2.968,images/5.png,14.0,test,8.0,,2.0
115,price_rating,"[(None, 0.0), (6.5, 0.469), (10.0, 0.979), (10.0, 1.737)]",10.0,1.737,images/10.png,6.0,test,8.0,,1.0
116,price_rating,"[(None, 0.0), (6.7, 0.384), (6.8, 0.472), (6.9, 0.607), (7.0, 0.624), (7.1, 0.641), (7.2, 0.657), (7.4, 0.674), (7.5, 0.691), (7.6, 0.708), (7.7, 0.725), (7.8, 0.86), (7.9, 0.877), (8.0, 0.894), (8.1, 0.944), (8.2, 1.266), (8.3, 1.284), (8.4, 1.301), (8.8, 1.318), (8.9, 1.334), (9.0, 1.352), (9.0, 1.995)]",9.0,1.995,images/13.png,13.0,test,8.0,,2.0
117,price_rating,"[(None, 0.0), (5.8, 0.401), (5.8, 0.739)]",5.8,0.739,images/7.png,11.0,test,8.0,4.2,2.0
118,price_rating,"[(None, 0.0), (6.6, 0.404), (6.6, 0.729)]",6.6,0.729,images/4.png,7.0,test,8.0,,1.0
119,price_rating,"[(None, 0.0), (4.6, 0.388), (4.6, 0.747)]",4.6,0.747,images/2.png,3.0,test,8.0,,0.0
120,price_rating,"[(None, 0.0), (7.4, 0.437), (7.4, 0.781)]",7.4,0.781,images/6.png,8.0,test,8.0,,1.0
121,price_rating,"[(None, 0.0), (8.1, 0.332), (8.1, 0.773)]",8.1,0.773,images/1.png,5.0,test,9.0,,1.0
122,price_rating,"[(None, 0.0), (5.7, 0.454), (5.7, 0.88)]",5.7,0.88,images/7.png,11.0,test,9.0,4.2,2.0
123,price_rating,"[(None, 0.0), (4.5, 0.472), (4.5, 0.884)]",4.5,0.884,images/14.png,12.0,test,9.0,,2.0
124,price_rating,"[(None, 0.0), (3.3, 0.422), (3.3, 0.798)]",3.3,0.798,images/5.png,14.0,test,9.0,,2.0
125,price_rating,"[(None, 0.0), (7.2, 0.473), (7.2, 0.848)]",7.2,0.848,images/3.png,10.0,test,9.0,3.5,2.0
126,price_rating,"[(None, 0.0), (6.5, 0.456), (6.5, 0.778)]",6.5,0.778,images/11.png,9.0,test,9.0,,1.0
127,price_rating,"[(None, 0.0), (8.4, 0.421), (8.4, 0.798)]",8.4,0.798,images/10.png,6.0,test,9.0,,1.0
128,price_rating,"[(None, 0.0), (6.9, 0.455), (7.0, 1.561), (7.0, 2.86)]",7.0,2.86,images/12.png,1.0,test,9.0,7.0,0.0
129,price_rating,"[(None, 0.0), (6.3, 0.59), (5.3, 1.68), (5.3, 2.084)]",5.3,2.084,images/9.png,2.0,test,9.0,,0.0
130,price_rating,"[(None, 0.0), (5.6, 1.581), (5.6, 2.11)]",5.6,2.11,images/2.png,3.0,test,9.0,,0.0
131,price_rating,"[(None, 0.0), (8.3, 1.267), (8.3, 1.896)]",8.3,1.896,images/8.png,0.0,test,9.0,8.3,0.0
132,price_rating,"[(None, 0.0), (6.4, 0.455), (5.2, 1.436), (5.2, 1.877)]",5.2,1.877,images/15.png,4.0,test,9.0,,0.0
133,price_rating,"[(None, 0.0), (6.3, 0.467), (6.3, 0.911)]",6.3,0.911,images/13.png,13.0,test,9.0,,2.0
134,price_rating,"[(None, 0.0), (5.8, 0.438), (5.8, 0.931)]",5.8,0.931,images/6.png,8.0,test,9.0,,1.0
135,price_rating,"[(None, 0.0), (5.9, 0.587), (5.8, 1.283), (5.6, 1.299), (5.2, 1.316), (5.1, 1.333), (4.9, 1.35), (4.8, 1.367), (4.6, 1.383), (4.5, 1.4), (4.4, 1.417), (4.3, 1.435), (4.3, 1.991)]",4.3,1.991,images/4.png,7.0,test,9.0,,1.0
136,price_rating,"[(None, 0.0), (6.8, 0.488), (6.8, 0.965)]",6.8,0.965,images/1.png,5.0,test,10.0,,1.0
137,price_rating,"[(None, 0.0), (7.2, 0.402), (7.2, 0.729)]",7.2,0.729,images/4.png,7.0,test,10.0,,1.0
138,price_rating,"[(None, 0.0), (5.6, 0.42), (5.6, 1.183)]",5.6,1.183,images/8.png,0.0,test,10.0,8.3,0.0
139,price_rating,"[(None, 0.0), (6.9, 0.419), (6.9, 0.729)]",6.9,0.729,images/13.png,13.0,test,10.0,,2.0
140,price_rating,"[(None, 0.0), (8.6, 0.316), (9.6, 0.656), (9.6, 1.099)]",9.6,1.099,images/3.png,10.0,test,10.0,3.5,2.0
141,price_rating,"[(None, 0.0), (6.5, 0.569), (6.5, 0.842)]",6.5,0.842,images/9.png,2.0,test,10.0,,0.0
142,price_rating,"[(None, 0.0), (5.4, 0.336), (5.4, 0.625)]",5.4,0.625,images/2.png,3.0,test,10.0,,0.0
143,price_rating,"[(None, 0.0), (5.6, 0.319), (5.6, 0.578)]",5.6,0.578,images/15.png,4.0,test,10.0,,0.0
144,price_rating,"[(None, 0.0), (6.0, 0.28), (6.1, 0.3), (6.1, 0.536)]",6.1,0.536,images/7.png,11.0,test,10.0,4.2,2.0
145,price_rating,"[(None, 0.0), (5.4, 0.367), (5.4, 0.626)]",5.4,0.626,images/6.png,8.0,test,10.0,,1.0
146,price_rating,"[(None, 0.0), (5.2, 0.299), (4.4, 0.945), (4.4, 1.641)]",4.4,1.641,images/12.png,1.0,test,10.0,7.0,0.0
147,price_rating,"[(None, 0.0), (6.7, 0.299), (6.7, 0.62)]",6.7,0.62,images/11.png,9.0,test,10.0,,1.0
148,price_rating,"[(None, 0.0), (6.0, 0.3), (6.0, 0.575)]",6.0,0.575,images/5.png,14.0,test,10.0,,2.0
149,price_rating,"[(None, 0.0), (6.5, 0.295), (6.5, 0.587)]",6.5,0.587,images/10.png,6.0,test,10.0,,1.0
150,price_rating,"[(None, 0.0), (6.1, 0.301), (6.1, 0.559)]",6.1,0.559,images/14.png,12.0,test,10.0,,2.0
151,price_rating,"[(None, 0.0), (6.0, 0.28), (6.0, 0.554)]",6.0,0.554,images/15.png,4.0,test,11.0,,0.0
152,price_rating,"[(None, 0.0), (5.7, 0.302), (5.7, 0.61)]",5.7,0.61,images/5.png,14.0,test,11.0,,2.0
153,price_rating,"[(None, 0.0), (5.7, 0.336), (5.7, 0.695)]",5.7,0.695,images/4.png,7.0,test,11.0,,1.0
154,price_rating,"[(None, 0.0), (6.1, 0.333), (6.1, 0.642)]",6.1,0.642,images/10.png,6.0,test,11.0,,1.0
155,price_rating,"[(None, 0.0), (7.7, 0.334), (7.7, 0.675)]",7.7,0.675,images/2.png,3.0,test,11.0,,0.0
156,price_rating,"[(None, 0.0), (8.2, 0.301), (8.2, 0.61)]",8.2,0.61,images/3.png,10.0,test,11.0,3.5,2.0
157,price_rating,"[(None, 0.0), (7.1, 0.279), (7.1, 0.604)]",7.1,0.604,images/12.png,1.0,test,11.0,7.0,0.0
158,price_rating,"[(None, 0.0), (4.9, 0.317), (4.9, 0.609)]",4.9,0.609,images/9.png,2.0,test,11.0,,0.0
159,price_rating,"[(None, 0.0), (4.3, 0.317), (4.3, 0.948)]",4.3,0.948,images/14.png,12.0,test,11.0,,2.0
160,price_rating,"[(None, 0.0), (5.4, 0.319), (5.4, 0.628)]",5.4,0.628,images/1.png,5.0,test,11.0,,1.0
161,price_rating,"[(None, 0.0), (5.9, 0.315), (5.9, 0.644)]",5.9,0.644,images/13.png,13.0,test,11.0,,2.0
162,price_rating,"[(None, 0.0), (5.5, 0.334), (2.8, 0.859), (2.8, 1.316)]",2.8,1.316,images/6.png,8.0,test,11.0,,1.0
163,price_rating,"[(None, 0.0), (6.1, 0.382), (6.1, 0.708)]",6.1,0.708,images/7.png,11.0,test,11.0,4.2,2.0
164,price_rating,"[(None, 0.0), (6.4, 0.301), (6.4, 1.288)]",6.4,1.288,images/8.png,0.0,test,11.0,8.3,0.0
165,price_rating,"[(None, 0.0), (4.7, 0.42), (4.7, 0.713)]",4.7,0.713,images/11.png,9.0,test,11.0,,1.0
166,price_rating,"[(None, 0.0), (6.3, 0.367), (6.3, 0.693)]",6.3,0.693,images/3.png,10.0,test,12.0,3.5,2.0
167,price_rating,"[(None, 0.0), (7.9, 0.353), (7.9, 0.71)]",7.9,0.711,images/11.png,9.0,test,12.0,,1.0
168,price_rating,"[(None, 0.0), (6.6, 0.32), (6.6, 1.438)]",6.6,1.438,images/9.png,2.0,test,12.0,,0.0
169,price_rating,"[(None, 0.0), (4.5, 0.469), (4.5, 0.776)]",4.5,0.776,images/13.png,13.0,test,12.0,,2.0
170,price_rating,"[(None, 0.0), (6.3, 0.488), (6.3, 1.166)]",6.3,1.166,images/8.png,0.0,test,12.0,8.3,0.0
171,price_rating,"[(None, 0.0), (6.4, 13.473), (6.4, 13.813)]",6.4,13.813,images/2.png,3.0,test,12.0,,0.0
172,price_rating,"[(None, 0.0), (8.5, 1.078), (8.5, 1.437)]",8.5,1.437,images/10.png,6.0,test,12.0,,1.0
173,price_rating,"[(None, 0.0), (5.7, 0.467), (4.9, 1.347), (4.9, 2.034)]",4.9,2.034,images/14.png,12.0,test,12.0,,2.0
174,price_rating,"[(None, 0.0), (6.1, 0.385), (6.1, 1.015)]",6.1,1.015,images/6.png,8.0,test,12.0,,1.0
175,price_rating,"[(None, 0.0), (6.5, 0.355), (6.9, 1.104), (6.8, 1.375), (6.8, 1.796)]",6.8,1.796,images/5.png,14.0,test,12.0,,2.0
176,price_rating,"[(None, 0.0), (6.2, 0.488), (6.2, 0.898)]",6.2,0.898,images/4.png,7.0,test,12.0,,1.0
177,price_rating,"[(None, 0.0), (5.4, 0.707), (5.4, 1.339)]",5.4,1.339,images/15.png,4.0,test,12.0,,0.0
178,price_rating,"[(None, 0.0), (7.0, 1.364), (7.0, 1.904)]",7.0,1.904,images/12.png,1.0,test,12.0,7.0,0.0
179,price_rating,"[(None, 0.0), (4.8, 1.657), (4.8, 2.164)]",4.8,2.164,images/1.png,5.0,test,12.0,,1.0
180,price_rating,"[(None, 0.0), (4.2, 1.308), (4.2, 1.955)]",4.2,1.955,images/7.png,11.0,test,12.0,4.2,2.0
181,price_rating,"[(None, 0.0), (6.3, 1.414), (6.3, 1.838)]",6.3,1.838,images/5.png,14.0,test,13.0,,2.0
182,price_rating,"[(None, 0.0), (6.4, 0.419), (6.4, 0.843)]",6.4,0.843,images/7.png,11.0,test,13.0,4.2,2.0
183,price_rating,"[(None, 0.0), (3.6, 1.335), (3.6, 1.964)]",3.6,1.964,images/13.png,13.0,test,13.0,,2.0
184,price_rating,"[(None, 0.0), (5.4, 1.722), (5.4, 2.233)]",5.4,2.233,images/11.png,9.0,test,13.0,,1.0
185,price_rating,"[(None, 0.0), (6.1, 0.603), (6.1, 0.96)]",6.1,0.96,images/1.png,5.0,test,13.0,,1.0
186,price_rating,"[(None, 0.0), (6.4, 0.318), (6.9, 1.05), (7.0, 1.25), (7.0, 1.944)]",7.0,1.944,images/12.png,1.0,test,13.0,7.0,0.0
187,price_rating,"[(None, 0.0), (6.2, 0.371), (6.2, 0.815)]",6.2,0.815,images/10.png,6.0,test,13.0,,1.0
188,price_rating,"[(None, 0.0), (6.1, 0.555), (6.1, 1.385)]",6.1,1.385,images/2.png,3.0,test,13.0,,0.0
189,price_rating,"[(None, 0.0), (5.3, 0.757), (5.3, 1.198)]",5.3,1.199,images/3.png,10.0,test,13.0,3.5,2.0
190,price_rating,"[(None, 0.0), (5.4, 0.774), (5.4, 1.32)]",5.4,1.32,images/15.png,4.0,test,13.0,,0.0
191,price_rating,"[(None, 0.0), (5.7, 0.534), (5.8, 0.658), (5.9, 0.675), (6.1, 0.692), (6.2, 0.708), (6.4, 0.725), (6.7, 0.742), (6.8, 0.76), (6.9, 0.777), (7.0, 0.826), (7.1, 0.91), (7.2, 0.961), (7.3, 0.994), (7.4, 1.028), (7.5, 1.045), (7.4, 1.298), (7.2, 1.316), (7.0, 1.332), (6.5, 1.349), (6.2, 1.366), (5.9, 1.383), (5.7, 1.4), (5.4, 1.418), (5.1, 1.434), (4.9, 1.451), (4.8, 1.468), (4.7, 1.485), (4.6, 1.503), (4.5, 1.519), (4.4, 1.535), (4.3, 1.552), (4.2, 1.587), (4.1, 1.672), (4.1, 2.227)]",4.1,2.227,images/4.png,7.0,test,13.0,,1.0
192,price_rating,"[(None, 0.0), (6.2, 0.64), (6.2, 1.019)]",6.2,1.019,images/8.png,0.0,test,13.0,8.3,0.0
193,price_rating,"[(None, 0.0), (6.6, 0.42), (6.7, 0.608), (6.8, 0.726), (6.9, 0.743), (7.0, 0.763), (7.2, 0.778), (7.4, 0.794), (7.6, 0.811), (7.7, 0.827), (7.8, 0.861), (7.9, 0.946), (7.9, 1.237)]",7.9,1.237,images/14.png,12.0,test,13.0,,2.0
194,price_rating,"[(None, 0.0), (6.7, 0.45), (6.7, 0.792)]",6.7,0.792,images/9.png,2.0,test,13.0,,0.0
195,price_rating,"[(None, 0.0), (6.5, 0.371), (6.5, 0.694)]",6.5,0.694,images/6.png,8.0,test,13.0,,1.0
196,price_rating,"[(None, 0.0), (5.4, 0.39), (5.4, 0.681)]",5.4,0.681,images/4.png,7.0,test,14.0,,1.0
197,price_rating,"[(None, 0.0), (6.1, 0.386), (6.1, 0.73)]",6.1,0.73,images/11.png,9.0,test,14.0,,1.0
198,price_rating,"[(None, 0.0), (7.5, 0.333), (7.5, 0.692)]",7.5,0.692,images/2.png,3.0,test,14.0,,0.0
199,price_rating,"[(None, 0.0), (3.5, 0.434), (3.5, 0.844)]",3.5,0.844,images/7.png,11.0,test,14.0,4.2,2.0
200,price_rating,"[(None, 0.0), (7.7, 0.521), (7.7, 0.945)]",7.7,0.945,images/8.png,0.0,test,14.0,8.3,0.0
201,price_rating,"[(None, 0.0), (9.2, 0.723), (9.2, 1.131)]",9.2,1.131,images/6.png,8.0,test,14.0,,1.0
202,price_rating,"[(None, 0.0), (6.7, 0.421), (6.7, 0.763)]",6.7,0.763,images/5.png,14.0,test,14.0,,2.0
203,price_rating,"[(None, 0.0), (5.0, 0.455), (5.0, 1.067)]",5.0,1.067,images/12.png,1.0,test,14.0,7.0,0.0
204,price_rating,"[(None, 0.0), (6.7, 0.333), (6.7, 0.705)]",6.7,0.705,images/13.png,13.0,test,14.0,,2.0
205,price_rating,"[(None, 0.0), (6.6, 0.334), (6.6, 0.644)]",6.6,0.644,images/15.png,4.0,test,14.0,,0.0
206,price_rating,"[(None, 0.0), (5.6, 0.318), (5.6, 0.864)]",5.6,0.864,images/1.png,5.0,test,14.0,,1.0
207,price_rating,"[(None, 0.0), (4.9, 0.415), (4.9, 0.741)]",4.9,0.741,images/14.png,12.0,test,14.0,,2.0
208,price_rating,"[(None, 0.0), (7.6, 0.368), (7.6, 1.164)]",7.6,1.164,images/9.png,2.0,test,14.0,,0.0
209,price_rating,"[(None, 0.0), (6.7, 0.301), (6.7, 1.439)]",6.7,1.439,images/10.png,6.0,test,14.0,,1.0
210,price_rating,"[(None, 0.0), (9.0, 0.575), (9.0, 1.171)]",9.0,1.171,images/3.png,10.0,test,14.0,3.5,2.0
211,price_rating,"[(None, 0.0), (8.4, 1.617), (8.4, 2.332)]",8.4,2.332,images/11.png,9.0,test,15.0,,1.0
212,price_rating,"[(None, 0.0), (6.4, 0.382), (6.4, 1.245)]",6.4,1.245,images/3.png,10.0,test,15.0,3.5,2.0
213,price_rating,"[(None, 0.0), (3.5, 0.735), (3.5, 1.212)]",3.5,1.212,images/15.png,4.0,test,15.0,,0.0
214,price_rating,"[(None, 0.0), (6.9, 0.369), (6.9, 0.726)]",6.9,0.726,images/10.png,6.0,test,15.0,,1.0
215,price_rating,"[(None, 0.0), (6.8, 0.39), (8.0, 1.087), (8.0, 1.442)]",8.0,1.442,images/2.png,3.0,test,15.0,,0.0
216,price_rating,"[(None, 0.0), (6.0, 0.538), (6.0, 0.93)]",6.0,0.93,images/5.png,14.0,test,15.0,,2.0
217,price_rating,"[(None, 0.0), (6.6, 0.541), (6.6, 0.864)]",6.6,0.864,images/1.png,5.0,test,15.0,,1.0
218,price_rating,"[(None, 0.0), (5.0, 0.439), (5.0, 0.802)]",5.0,0.802,images/9.png,2.0,test,15.0,,0.0
219,price_rating,"[(None, 0.0), (5.5, 0.486), (5.5, 0.88)]",5.5,0.88,images/13.png,13.0,test,15.0,,2.0
220,price_rating,"[(None, 0.0), (7.1, 0.42), (7.0, 1.37), (7.1, 1.386), (7.0, 1.556), (7.0, 2.314)]",7.0,2.314,images/12.png,1.0,test,15.0,7.0,0.0
221,price_rating,"[(None, 0.0), (4.2, 1.282), (4.2, 1.829)]",4.2,1.829,images/7.png,11.0,test,15.0,4.2,2.0
222,price_rating,"[(None, 0.0), (4.9, 0.868), (4.9, 1.721)]",4.9,1.721,images/14.png,12.0,test,15.0,,2.0
223,price_rating,"[(None, 0.0), (6.5, 0.353), (6.5, 0.746)]",6.5,0.746,images/6.png,8.0,test,15.0,,1.0
224,price_rating,"[(None, 0.0), (6.0, 0.587), (6.0, 0.945)]",6.0,0.945,images/4.png,7.0,test,15.0,,1.0
225,price_rating,"[(None, 0.0), (6.7, 0.347), (6.7, 0.692)]",6.7,0.692,images/8.png,0.0,test,15.0,8.3,0.0
